domain,sentiment_mean,sentiment_std,subjectivity_mean,subjectivity_std,counting
www.spiegel.de,0.02388888888888889,0.26227106418953483,0.12407407407407407,0.1738276427462446,9.0
www.zeit.de,-0.03222222222222222,0.19849060057977183,0.027777777777777776,0.06804138174397717,6.0
www.faz.net,0.05384615384615384,0.07614996105085896,0.0,0.0,2.0
www.bild.de,0.0,1.0,0.0,1.0,1.0
