week,sentiment_mean,sentiment_std,subjectivity_mean,subjectivity_std,counting
2022-42,0.512442786643779,0.09861118438854737,1.2390150066273602,1.1345195195919258,2.0
2022-43,-0.17828600117879514,0.9135162361351058,0.3648782490740886,1.3769776380647354,6.0
2022-44,0.11259383413014024,0.9576449696074191,-0.5100910032577962,0.1577740522333952,6.0
2022-45,0.02330074470851573,1.9951076939997572,-0.23437434977021754,0.6779769220583531,2.0
2022-46,-0.6773340604126604,1.0,-0.408248290463863,1.0,1.0
2022-47,-0.2333333333333333,1.0,0.0,1.0,1.0
