topic,sentiment_mean,sentiment_std,subjectivity_mean,subjectivity_std,counting
Deutschland,-0.040313367355770895,0.8756539812776454,0.05528935920314392,0.9302784320618457,89.0
Frankreich,0.6721221411168385,1.3629762284724902,-0.7495932414113045,0.18939359236866116,2.0
Russland,-0.12049306308871453,0.9135760246167476,-0.6028979216859709,0.02212491606889184,8.0
USA,0.6018974792849107,1.0848640143625807,0.2181314963816863,0.8979594897334222,4.0
