topic,sentiment_mean,sentiment_std,subjectivity_mean,subjectivity_std,counting
Deutschland,-0.010144536798474978,0.8817275622838815,0.04863577760900547,0.9447969602353842,113.0
Frankreich,0.8150369495050541,1.262637879400286,-0.7286453975068584,0.12999765734482546,2.0
Russland,-0.1229544653759794,0.9010820576047217,-0.7122367596386425,0.13079336965524743,8.0
USA,0.016649080370899082,1.4384454871757162,0.0646406428493564,0.8452725517624671,6.0
