topic,sentiment_mean,sentiment_std,subjectivity_mean,subjectivity_std,counting
Deutschland,-0.00480695669534532,0.8734146491571515,0.052371968280452944,0.9351877709021301,99.0
Frankreich,0.7259274212398131,1.3886577828096585,-0.708259627106008,0.15882749032513216,2.0
Russland,-0.1607015987869765,0.9009810264543777,-0.6850557324375085,0.15433282971238524,8.0
USA,-0.01505888989077204,1.3057920036866588,0.12778741694473425,0.807727279280018,6.0
