topic,sentiment_mean,sentiment_std,subjectivity_mean,subjectivity_std,counting
Deutschland,-1.959217102279688e-17,0.9354143466934853,1.4802973661668754e-17,0.9636241116594316,17.0
Russland,-0.2333333333333333,1.0,0.0,1.0,1.0
