keyword,sentiment_mean,sentiment_std,subjectivity_mean,subjectivity_std,counting
'Christian Lindner',0.005692795582194189,0.96578759035794,0.050984030631833044,0.9787799316697132,16.0
'Robert Habeck',-0.09108472931510722,1.0,-0.7137764288456624,1.0,1.0
'Wladimir Putin',-0.2333333333333333,1.0,0.0,1.0,1.0
