keyword,sentiment_mean,sentiment_std,subjectivity_mean,subjectivity_std,counting
'Annalena Baerbock',-0.39552101330616274,0.8561934265861297,0.1248545898104431,1.1161454357427238,21.0
'Antony Blinken',-1.34081355936027,1.121393501129859,-0.41974242399296735,1.0,2.0
'Christian Lindner',0.025356015196650226,0.9662233253469996,0.14476869279675142,0.9889466834726621,23.0
'Emmanuel Macron',0.8150369495050541,1.262637879400286,-0.7286453975068584,0.12999765734482546,2.0
'Joe Biden',0.6953804002364836,1.0893406658321496,0.18573640955993734,0.9246006440165867,4.0
'Markus Söder',-1.0165246403201653,0.4577216418614509,0.3605073534962716,0.49016561135034104,3.0
'Olaf Scholz',0.11432133703969441,0.8869766753980057,-0.02228104726590099,0.886671708821482,46.0
'Robert Habeck',0.21836063444066722,0.6532720555236747,-0.13898240599701717,0.8228370697804536,20.0
'Wladimir Putin',-0.1229544653759794,0.9010820576047217,-0.7122367596386425,0.13079336965524743,8.0
