keyword,sentiment_mean,sentiment_std,subjectivity_mean,subjectivity_std,counting
'Annalena Baerbock',-0.8820248754025646,0.29651439896204856,-0.2144425868727577,0.9188831552144202,6.0
'Antony Blinken',-1.220648451388723,0.9514543757124702,-0.2773500981126146,1.0,2.0
'Christian Lindner',-0.04348000237078503,0.9862723799896812,0.25065212822881383,1.1222045679704153,23.0
'Emmanuel Macron',0.7259274212398131,1.3886577828096585,-0.708259627106008,0.15882749032513216,2.0
'Joe Biden',0.5877358908582034,1.0424106329432157,0.22907179570907144,0.8952695912663861,4.0
'Markus Söder',-1.0165246403201653,0.4577216418614509,0.3605073534962716,0.49016561135034104,3.0
'Olaf Scholz',0.10832177522014765,0.8740511276020771,-0.007866615536391265,0.8492352366810914,46.0
'Robert Habeck',0.1941536427468981,0.6496876562650785,-0.12859626432181198,0.8193574465956696,20.0
'Wladimir Putin',-0.1607015987869765,0.9009810264543777,-0.6850557324375085,0.15433282971238524,8.0
