topic,sentiment_mean,sentiment_std,subjectivity_mean,subjectivity_std,counting
China,0.16391798490498263,0.7024243254508105,-0.0387074028698448,0.6711609532200705,17.0
Deutschland,-0.029737037762105078,0.9198290306121916,0.06810879846429618,1.0252475263704157,121.0
Frankreich,0.7553854611796786,1.3469978232057722,-0.7389894767436084,0.11536892019795175,2.0
Russland,-0.22696887391603157,0.9013676309744045,-0.5006591315134246,0.3623465552609844,9.0
USA,0.10483608541277012,1.37630383183778,-0.14341084602157822,0.7252557131640478,9.0
