keyword,sentiment_mean,sentiment_std,subjectivity_mean,subjectivity_std,counting
'Annalena Baerbock',-0.8820248754025646,0.29651439896204856,-0.2144425868727577,0.9188831552144202,6.0
'Antony Blinken',-1.220648451388723,0.9514543757124702,-0.2773500981126146,1.0,2.0
'Christian Lindner',-0.03318015534600081,0.998836227354079,0.2576839708824162,1.116987837359076,23.0
'Emmanuel Macron',0.7259274212398131,1.3886577828096585,-0.708259627106008,0.15882749032513216,2.0
'Joe Biden',0.5877358908582034,1.0424106329432157,0.22907179570907144,0.8952695912663861,4.0
'Markus Söder',-1.0165246403201653,0.4577216418614509,0.3605073534962716,0.49016561135034104,3.0
'Olaf Scholz',0.10366473620002312,0.8805655708653404,0.007828814537279122,0.8745581183815302,46.0
'Robert Habeck',0.1838285794425549,0.635002436015062,-0.15335651336702452,0.7953548540780433,21.0
'Wladimir Putin',-0.1607015987869765,0.9009810264543777,-0.6850557324375085,0.15433282971238524,8.0
